"28479229","VINHOMES CENTRAL PARK - HOT CẬP NHẬT 1PN 54M2, 2PN 80M2, 3PN 116M2 ĐÃ CÓ SỔ HỒNG GIÁ TỐT NHẤT","Hot cập nhật 1PN 54m2, 2PN 80m2, 3PN 116m2 đã có sổ hồng tại Vinhomes bán giá tốt nhất 0932.133.***.

Hot cập nhật 1,2,3 PN bán 54m2, 80m2, 100m2 116m2 125m2 đã có sổ hồng tại Vinhomes Central Park giá tốt nhất.

Link tải rổ hàng: https://www.canhosaigon.asia/ro-hang-vinhomes-central-park

(*) 1 phòng ngủ 54m2 view sông bán giá 3.1 - 3,6 tỷ. Liên hệ 0932.133.***.

(*) 2 phòng ngủ 78m2 lầu cao full nội thất đẹp giá 4,7 tỷ. Liên hệ 0932.133.***.

(*) 3 phòng ngủ. 120m2 đã có sổ bán 6.8 tỷ bao hết full nội thất.

(*) 4 PN 150m2 view sông đã có sổ bán 9.8 tỷ.

Gọi ngay: 0932.133.***.

(*) 4 phòng ngủ khu Central 150m2 giá 9.2 tỷ nhà trống.

Cập nhật danh sách những căn 1,2,3,4 PN, Penthouses, Villa còn hợp đồng mua bán công chứng nhanh giá tốt:

- 1 phòng ngủ 54m2 từ 3 tỷ đến 3.6 tỷ.
- 2 phòng ngủ 78m2, 80m2, 88m2 từ 4.5 tỷ đến 5.5 tỷ.
- 3 phòng ngủ 98m2, 1002, 108m2, 116m2, 126m2, 135m2 giá từ 6.5 tỷ đến 8.5 tỷ.
- 4 phòng ngủ 145 m2, 150m2, 154m2, 187m2 giá từ 8.9 tỷ.
- Penthouse 209m2, 270m2, 369m2 giá từ 16 tỷ đến 30 tỷ.
- Sky Villa 170m2 + 70m2 sân vườn giá từ 35 tỷ.
- Sky Villa giá gốc chủ đầu tư 310m2 + 80m2 sân vườn.
- Villa 300m2 giá từ 80 tỷ.

Tất cả các căn hộ đều có sổ hồng - Công chứng ngay trước Tết, hỗ trợ khách vay ngân hàng nếu có nhu cầu (giải ngân không phong tỏa, nhận nhà ngay để ăn Tết).

Công ty có bộ phận pháp lý và đã làm việc với Sở Tài Nguyên Môi Trường, có thể ra sổ nhanh hoặc cấp lại sổ hồng mới 100% nếu khách hàng có nhu cầu - Liên hệ 0932.133.***.

Tư vấn pháp lý cho khách mua và chủ nhà Miễn phí 100%.

Văn phòng công ty tại L3 - 09 đã làm việc tại Vinhomes Central Park 4 năm, am hiểu thị trường trong lòng bàn tay - quý khách hoàn toàn có thể tin tưởng vào dịch vụ công ty.

TMT - Giá luôn tốt nhất - dịch vụ xuất sắc nhất.

Gọi 0932.133.*** - Đảm bảo hài lòng 100%.

Đảm bảo tư vấn căn hộ tốt nhất và pháp lý chuẩn nhất Vinhomes.

Hotline 0932.133.***.","0932133817","2021-06-22"
"30210116","CHÍNH CHỦ BÁN NHÀ ĐẸP 80M2 HẺM NGUYỄN HỮU TIẾN, TÂN PHÚ","Tôi chính chủ cần bán nhà hẻm Nguyễn Hữu Tiến.
- Nhà DT đất 4x12. DT XD: 80m2.
- 1 trệt 1 lầu. 2 phòng ngủ. Có 2 phòng WC ở tầng trên và tầng dưới.
- Nhà thiết kế kiến trúc sư cực kỳ kiên cố, dễ thương thoáng mát.
- Móng làm chắc, GPXD là nhà cấp 2 nên được lên 1 tầng nữa.
- Khu an ninh tốt, gần siêu thị Aeon Mall Tân Phú, sân bay, chợ Chế Lan Viên, BV, trường học từ mầm non đến đại học.
- Ngân hàng hỗ trợ vay 3 tỷ.
- Sổ hồng đầy đủ, không dính quy hoạch.","0935311186","2021-06-21"
"29847991","CONDO VILLA - CHUẨN MỰC SỐNG MỚI TẠI SÀI GÒN, KÊNH ĐẦU TƯ SINH LỜI BỀN VỮNG VÌ SỐ LƯỢNG GIỚI HẠN","Viên ngọc ẩn mình trong khuôn viên The Brilliant tại Celadon City, The Glen mang đến định nghĩa mới về chuẩn mực giàu sang tại TP. HCM.
- Trải nghiệm đỉnh cao cuộc sống ven đô.
- Sống hài hoà giữa thiên nhiên xanh.
- Kiến tạo phong cách sống vượt trội với mật độ cư dân thấp nhất toàn khu.
- Cảm nhận sự thư thái theo phong cách riêng.
- Nét sang trọng của không gian.
- Nơi niềm vui lan toả.
- Nơi lưu trữ từng khoảnh khắc.
- Thế giới riêng tư và an ninh.
Số lượng có hạn chỉ 98 căn (đợt đầu 41 căn).
- Tên dự án: The Glen of The Brilliant.
- Diện tích: 300m2 - 415m2 (5 x 16 hoặc 6 x 16) (chưa bao gồm hầm xe).
- Cấu trúc: 1 trệt, 4 lầu, 1 hầm xe - 2 mặt view tối thiểu (căn góc 3 mặt view) đều hướng vào công viên nội khu.
- Lịch biểu thanh toán hấp dẫn sở hữu dể dàng với 5% ký HĐMB và chỉ thanh toán 20% đến lúc bàn giao (2023).
- Giá trị đầu tư cao.
- Giá từ 25 tỷ/ căn. (liên hệ để biết thêm chi tiết).
---
DiamondCentery #DiamondBrilliant #DiamondAlnata #DiamondAlnataPlus #GamudaLand #CeladonCity.
---
Diamond Precinct: Chuẩn Resort - Sống Tinh Hoa.
----------------------------------
Lê Bá Hoàng Huy - chuyên viên tư vấn bất động sản.
Số ĐT PKD CĐT Gamuda Land: 0705 27 2* **.
Email : huy.lebahoang@gamudaland.com.my
Website: https://duanceladon.com/the-glen-the-brilliant-220-15.html
Khu nhà mẫu Celadon City - Số 68, Đường N1, P. Sơn Kỳ, Q. Tân Phú, TP. HCM.
Nhà mẫu Gamuda Land Experience Garelly 199A Nam Kỳ Khởi Nghĩa, P. 7, Q. 3, TP. HCM.","0705272763","2021-06-21"
"28479229","VINHOMES CENTRAL PARK - HOT CẬP NHẬT 1PN 54M2, 2PN 80M2, 3PN 116M2 ĐÃ CÓ SỔ HỒNG GIÁ TỐT NHẤT","Hot cập nhật 1PN 54m2, 2PN 80m2, 3PN 116m2 đã có sổ hồng tại Vinhomes bán giá tốt nhất 0932.133.817.

Hot cập nhật 1,2,3 PN bán 54m2, 80m2, 100m2 116m2 125m2 đã có sổ hồng tại Vinhomes Central Park giá tốt nhất.

Link tải rổ hàng: https://www.canhosaigon.asia/ro-hang-vinhomes-central-park

(*) 1 phòng ngủ 54m2 view sông bán giá 3.1 - 3,6 tỷ. Liên hệ 0932.133.817.

(*) 2 phòng ngủ 78m2 lầu cao full nội thất đẹp giá 4,7 tỷ. Liên hệ 0932.133.817.

(*) 3 phòng ngủ. 120m2 đã có sổ bán 6.8 tỷ bao hết full nội thất.

(*) 4 PN 150m2 view sông đã có sổ bán 9.8 tỷ.

Gọi ngay: 0932.133.817.

(*) 4 phòng ngủ khu Central 150m2 giá 9.2 tỷ nhà trống.

Cập nhật danh sách những căn 1,2,3,4 PN, Penthouses, Villa còn hợp đồng mua bán công chứng nhanh giá tốt:

- 1 phòng ngủ 54m2 từ 3 tỷ đến 3.6 tỷ.
- 2 phòng ngủ 78m2, 80m2, 88m2 từ 4.5 tỷ đến 5.5 tỷ.
- 3 phòng ngủ 98m2, 1002, 108m2, 116m2, 126m2, 135m2 giá từ 6.5 tỷ đến 8.5 tỷ.
- 4 phòng ngủ 145 m2, 150m2, 154m2, 187m2 giá từ 8.9 tỷ.
- Penthouse 209m2, 270m2, 369m2 giá từ 16 tỷ đến 30 tỷ.
- Sky Villa 170m2 + 70m2 sân vườn giá từ 35 tỷ.
- Sky Villa giá gốc chủ đầu tư 310m2 + 80m2 sân vườn.
- Villa 300m2 giá từ 80 tỷ.

Tất cả các căn hộ đều có sổ hồng - Công chứng ngay trước Tết, hỗ trợ khách vay ngân hàng nếu có nhu cầu (giải ngân không phong tỏa, nhận nhà ngay để ăn Tết).

Công ty có bộ phận pháp lý và đã làm việc với Sở Tài Nguyên Môi Trường, có thể ra sổ nhanh hoặc cấp lại sổ hồng mới 100% nếu khách hàng có nhu cầu - Liên hệ 0932.133.817.

Tư vấn pháp lý cho khách mua và chủ nhà Miễn phí 100%.

Văn phòng công ty tại L3 - 09 đã làm việc tại Vinhomes Central Park 4 năm, am hiểu thị trường trong lòng bàn tay - quý khách hoàn toàn có thể tin tưởng vào dịch vụ công ty.

TMT - Giá luôn tốt nhất - dịch vụ xuất sắc nhất.

Gọi 0932.133.817 - Đảm bảo hài lòng 100%.

Đảm bảo tư vấn căn hộ tốt nhất và pháp lý chuẩn nhất Vinhomes.

Hotline 0932.133.817.","0932133817","2021-06-22"
"30210116","CHÍNH CHỦ BÁN NHÀ ĐẸP 80M2 HẺM NGUYỄN HỮU TIẾN, TÂN PHÚ","Tôi chính chủ cần bán nhà hẻm Nguyễn Hữu Tiến.
- Nhà DT đất 4x12. DT XD: 80m2.
- 1 trệt 1 lầu. 2 phòng ngủ. Có 2 phòng WC ở tầng trên và tầng dưới.
- Nhà thiết kế kiến trúc sư cực kỳ kiên cố, dễ thương thoáng mát.
- Móng làm chắc, GPXD là nhà cấp 2 nên được lên 1 tầng nữa.
- Khu an ninh tốt, gần siêu thị Aeon Mall Tân Phú, sân bay, chợ Chế Lan Viên, BV, trường học từ mầm non đến đại học.
- Ngân hàng hỗ trợ vay 3 tỷ.
- Sổ hồng đầy đủ, không dính quy hoạch.","0935311186","2021-06-21"
"29847991","CONDO VILLA - CHUẨN MỰC SỐNG MỚI TẠI SÀI GÒN, KÊNH ĐẦU TƯ SINH LỜI BỀN VỮNG VÌ SỐ LƯỢNG GIỚI HẠN","Viên ngọc ẩn mình trong khuôn viên The Brilliant tại Celadon City, The Glen mang đến định nghĩa mới về chuẩn mực giàu sang tại TP. HCM.
- Trải nghiệm đỉnh cao cuộc sống ven đô.
- Sống hài hoà giữa thiên nhiên xanh.
- Kiến tạo phong cách sống vượt trội với mật độ cư dân thấp nhất toàn khu.
- Cảm nhận sự thư thái theo phong cách riêng.
- Nét sang trọng của không gian.
- Nơi niềm vui lan toả.
- Nơi lưu trữ từng khoảnh khắc.
- Thế giới riêng tư và an ninh.
Số lượng có hạn chỉ 98 căn (đợt đầu 41 căn).
- Tên dự án: The Glen of The Brilliant.
- Diện tích: 300m2 - 415m2 (5 x 16 hoặc 6 x 16) (chưa bao gồm hầm xe).
- Cấu trúc: 1 trệt, 4 lầu, 1 hầm xe - 2 mặt view tối thiểu (căn góc 3 mặt view) đều hướng vào công viên nội khu.
- Lịch biểu thanh toán hấp dẫn sở hữu dể dàng với 5% ký HĐMB và chỉ thanh toán 20% đến lúc bàn giao (2023).
- Giá trị đầu tư cao.
- Giá từ 25 tỷ/ căn. (liên hệ để biết thêm chi tiết).
---
DiamondCentery #DiamondBrilliant #DiamondAlnata #DiamondAlnataPlus #GamudaLand #CeladonCity.
---
Diamond Precinct: Chuẩn Resort - Sống Tinh Hoa.
----------------------------------
Lê Bá Hoàng Huy - chuyên viên tư vấn bất động sản.
Số ĐT PKD CĐT Gamuda Land: 0705 27 2* **.
Email : huy.lebahoang@gamudaland.com.my
Website: https://duanceladon.com/the-glen-the-brilliant-220-15.html
Khu nhà mẫu Celadon City - Số 68, Đường N1, P. Sơn Kỳ, Q. Tân Phú, TP. HCM.
Nhà mẫu Gamuda Land Experience Garelly 199A Nam Kỳ Khởi Nghĩa, P. 7, Q. 3, TP. HCM.","0705272763","2021-06-21"
"29385134","TỔNG HỢP LAVITA CHARM BÀN GIAO 17/4 ĐA DẠNG CĂN, OFFICETEL GIÁ 1.55TỶ 1PN CHỈ 2.1TỶ CALL 093708094","* Cập nhật giá bán hiện tại.
* Hỗ trợ vay ngân hàng.
* Xem nhà 24h.
- Officetel chỉ 1.55tỷ.
- Căn 1 phòng ngủ: Giá chỉ từ 1,8 tỷ.
- Căn 2 phòng ngủ: Giá chỉ từ 2.6 tỷ.
- Căn 3 phòng ngủ: Giá chỉ từ 3 tỷ.
- Tùy căn, tùy tầng, tùy view giá căn hộ khác nhau.

- Giao nhà hoàn thiện:
+ Full bộ bếp Malloca trị giá 150tr đồng.
+ Full sàn gỗ chuẩn Châu Âu trị giá khoảng 20tr đồng.
+ Full thiết bị vệ sinh ToTo trị giá 100tr đồng.
+ Tặng thiết bị thông minh smarthome.
+ Tặng thiết bị truy cập internet an toàn cho trẻ em.

I. Vị trí dự án:
Lavita Charm tọa lạc ngay nút giao thông ngã tư Bình Thái, ngay cạnh ga số 10 - Bình Thái của tuyến Metro Bến Thành - Suối Tiên.
Tuyến Metro là huyết mạch giao thông của TP. HCM sẽ giúp cư dân Lavita Charm dễ dàng tiếp cận các tiện ích hiện đại như: Siêu thị Metro An Phú, BigC Cantavil, Parkson Cantavil, trường quốc tế bis, và nhanh chóng hòa mình vào nhịp sống năng động của thành phố.
Dự án sở hữu vị trí đắt giá ngay mặt tiền đường Vành Đai 2, tuyến đường đang được nhanh chóng hoàn thiện sẽ mang đến lợi thế kết nối giao thông vượt trội cho các khu vực mà nó đi qua. Đây là lợi thế kép để gia tăng giá trị đầu tư và an cư cho cư dân.

II. Quy mô:
- Tổng diện tích: 14.852,6m2, 3 block cao 21 tầng - 1 tầng hầm thông 3 block với 949 căn hộ.

III. Tiện ích nội khu:
+ Hệ thống shophouse 4 tầng đảm bảo mọi nhu cầu của anh chị, cafe, bar, khu sinh hoạt cộng đồng, rạp xem phim, công viên cây xanh, khu vui chơi trẻ em, đường dạo nội khu.

* Hiện tại rổ hàng rất đa dạng, khách hàng quan tâm vui lòng liên hệ để được báo giá chính xác từ chủ nhà và hỗ trợ thủ tục sang tên nhanh chóng, đảm bảo không mất thời gian của khách hàng.","0937080094","2021-06-21"
"26046201","CHÍNH CHỦ CẦN BÁN CĂN HỘ RIVER PANORAMA QUẬN 7. LH 0901 731 ***","Tôi cần bán căn hộ River Panorama Quận 7. Diện tích: 115m2. Gồm 3 phòng ngủ, 2 WC.
Block 3, tầng 19. Tháng 9 /2020 nhận nhà. Giá bán: 4.7 tỷ có thương lượng.
Liên hệ: 0901 731 ***.","0901731528","2021-06-21"
"29155951","BÁN NHÀ PHỐ SHOP HOUSE THƯƠNG MẠI MẶT TIỀN DỰ ÁN BẢO SƠN LÁI XE HƠI VINFAST FADIL VỀ NHÀ","Bán nhà phố, shophose, biệt thự đường Nguyễn Sơn, Quận Tân Phú. Tặng xe ô tô VinFast Fadil Trực tiếp CĐT, bạn không qua bất kỳ khâu trung gian nào.
Chỉ cần thanh thanh toán 10% đặt cọc ngân hàng hỗ trợ vay 70% với lãi suất ưu đãi.

Cam kết bán lại, cho thuê đồng hành cùng quý Khách hàng.

Dự án Bảo Sơn siêu phẩm shop house thương mại mặt tiền Nguyễn Sơn quận Tân Phú đi đầu tiêu chí an toàn - lợi nhuận.

Toạ lạc tại Vị Trí Tam Giác Vàng:
- Ngay mặt tiền đường lớn, Trung Tâm quận Tân Phú.
- Một bước chân chạm tới tất cả các tiện ích như siêu thị BigC, UBND Quận Tân Phú, trường học các cấp.
- Cách ủy ban nhân dân quận Tân Phú 3 phút đi xe máy.
- Cách bệnh viện Tân Phú 4 phút xe máy.
- Cách siêu thị Aeon Tân Phú 5 phút đi xe máy.
- Cách sân bay 10 phút Tân Sơn Nhất.
- Gần Trường Đại học Bách Khoa, Đại học Marketing, Đại học Kinh tế tài chính HCM.

Cập nhật thông tin dự án Shophouse bảo sơn.
Chủ đầu tư: Đại Phát Corporation.
Diện tích 90 - 150 m2. Tổng DT sàn sử dụng 300m2 - 400m2.
Kết cấu: Biệt thự 1 trệt 3 lầu.
Kết cấu: Nhà phố 1 trệt 4 lầu.
- Tất cả đều có tích hợp thang máy.
- Đường nhựa, điện nước âm, công viên nội khu, camera 24/24, có thang máy, sân thượng trước sau.

- Tính thanh khoản cao vì không có khu nào khác thay thế.
- Sổ hồng có sẵn, công chứng sang tên ngay. Ngân hàng tài trợ dự án ACB cho khách vay TPbank.

Bạn đã sẵn sàng sở hữu căn biệt thự vừa ở vừa kinh doanh như trong mơ chưa? Hãy nhanh tay liên hệ để được tư vấn để được ưu tiên chọn căn biệt thự tuyệt vời nhất và nhận giá chiết khấu hậu hĩnh cùng nhiều quà tặng hấp dẫn khác nhé!

Công ty cổ phần ĐT XD TM & DV Đại Phát.
Điện thoại: 0901 002 ***.
Website: Https://daiphatcorporation.com/du-an/bao-son-residence-vuot-troi-tru-phu/
Email: Cskh@daiphatcorporation.com","0901002866","2021-06-21"
"29531830","NHÀ PHỐ NGUYỄN CƠ THẠCH SHOPHOUSE SALA DQM GIÁ TỐT NHẤT THỦ THIÊM - 0938154***","Nhà phố thương mại Nguyễn Cơ Thạch - shophouse Sala Đại Quang Minh, tọa lạc mặt tiền đường Nguyễn Cơ Thạch sát trung tâm tài chính Thủ Thiêm.

1. Thông tin chi tiết nhà phố thương mại Nguyễn Cơ Thạch.
- Diện tích: 7.1 x 24m.
- Xây dựng: 1 hầm, 4 tầng và áp mái.
- Diện tích sử dụng: ~ 700m2.
- Hướng: Đông Bắc (mát mẻ rất phù hợp kinh doanh và thương mại).
- Pháp lý: Đã có sổ hồng sở hữu lâu dài.
- Giá bán: 115 tỷ.
Liên hệ: 0938154***.

2. Nhà phố thương mại Sari Town (Shophouse Sari Town): Căn góc 3 mặt tiền:
- Diện tích: 15.4 x 20m.
- Xây dựng: 1 hầm, 4 tầng và áp mái.
- Diện tích sử dụng: ~ 1.200m2.
- Pháp lý: Sổ hồng sở hữu lâu dài.
- Phù hợp kinh doanh, tài chính ngân hàng, thương mại và dịch vụ.
- Giá bán: 170 tỷ.
Liên hệ: 0938 154 ***.","0938154565","2021-06-21"
"30302043","SỞ HỮU NHÀ Ở 1TRỆT, 4LẦU, CÓ HẦM RIÊNG, PHÍA TRÊN SÂN THƯỢNG, TT 5%, SỔ LÂU DÀI. LH: 0968.90.3*.**","* Thông tin tổng quan:

+ Tên dự án: The Glen @ Brilliant Celadon city.
+ Chủ đầu tư: Công ty CP Gamuda Land Việt Nam.
+ Tổng diện tích: 5.5 ha.
+ Mật độ xây dựng: 28%.
+ Diện tích cảnh quan và tiện ích: 4ha (hơn 70%).
+ Mật độ cây xanh: 18 m2/ người.
+ Số lượng: 98 căn Condo Villa.
+ Diện tích: 5x16; 6x16 (diện tích sàn từ 300m2 trở lên).
+ Thiết kế: 1 hầm, 1 trệt, 4 lầu.
+ Pháp lý: Sở hữu lâu dài đối với người Việt Nam; 50 năm đối với người nước ngoài.

* Gía bán liên hệ cập nhật: 0968.90.3*.** *.

* Thiết kế nhà ở:
+ Thiết kế đặc biệt: 1 trệt, 4 lầu, 1 hầm, phía trên sân thượng.
+ Diện tích căn thường: 299,6 m2 đến 323,5 m2.
+ Diện tích căn góc: 415 m2.
+ 7 ban công, ban công dài lên đến 7m2.
+ Nhà 2 mặt tiền.
+ Với những căn góc lên đến 3 mặt tiền.

* Phương thức thanh toán:

+ Đợt 1: Ký HĐMB: 5%.
+ Đợt 2: 5% (sau 6 tháng).
+ Đợt 3: 10% (sau 6 tháng).
+ Bàn giao nhà: 40% + 2% PBT.
+ Đợt 5: 15% (sau 3 tháng).
+ Đợt 6: 10 (sau 3 tháng).
+ Đợt 7: 10 (sau 3 tháng).
+ Đợt 8: 5% (chờ sổ).

* Tiện ích nội khu*.
+ Khu club house.
+ Khu đón trả khách.
+ Tòa nhà chính.
+ Hồ bơi trẻ em với sân chơi.
+ Sàn gỗ.
+ Hồ bơi.
+ Bể sục.
+ Công viên trung tâm:
+ Cafe ngoài trời.
+ Sân cỏ.
+ Suối lười với tiểu cảnh.
+ Sân chơi lego.
+ Lối ra vườn.
+ Chòi nghỉ chân Pavillion.
+ Khu BBQ.
+ Góc tập thể thao.

* Tiện ích ngoại khu*.
1. Hệ thực vật trải dài công viên trung tâm rộng 16 ha.
2. Có 3 hồ sinh thái.
3. TTTM Aeon Mall Tân Phú rộng 7 ha.
4. Chuỗi hệ thống trường học gồm trường công, trường tư, trong nước và quốc tế: Lê Thánh Tông, Lê Trọng Tấn, Maple Bear, Trường liên cấp Quốc tế Á Châu.
5. Khu phức hợp thể thao Sport Club với quy mô hơn 5 ha, bao gồm rất nhiều môn thể thao...
6. Phòng khám Hoàn Mỹ.
7. Cách bệnh viện Hoàn Mỹ 5 phút di chuyển.

* Gamuda Land - nhà kiến tạo khu đô thị xanh đến từ Malaysia *.

Liên hệ:
PKD - CĐT: 0968.90.3*.**.

Mail: nhung.nguyenthi@gamudaland.com.my
Website: celadoncity.gamudalandhcm.vn

* Cám ơn anh / chị đã quan tâm*.","0968903939","2021-06-20"
"30188703","MUA NHÀ 0 ĐỒNG - HỖ TRỢ VAY 100% - LÃI SUẤT 0% - MASTERISE CENTRE POINT BOOKING 50 TRIỆU 0937037***","Home For Home - Giải pháp “nhà đổi nhà” vượt trội.
Phát triển bởi Masterise Homes phối hợp cùng ngân hàng Techcombank.
Đặc biệt: Ưu đãi hấp dẫn dành cho khách hàng Booking sớm - Chi tiết LH ngay: 0937 037 ***.

Vị trí: Trung tâm đại đô thị Vinhomes Grand Park.
- Thanh toán 0% nhận nhà.
- Ngân hàng: 0% lãi suất và ân hạn nợ gốc 24 tháng.
- Miễn phí 60 tháng phí quản lý.

- Đơn vị phát triển dự án: Masterise Homes.
- Tổng diện tích dự án: 70.783m2.
- Mật độ xây dựng: Khối đế 25%. Khối căn hộ 23%.
- Quy mô: 10 tòa với hai phân khu Riviera và Gardenia.
+ Chiều cao: 22 - 39 tầng.
+ Tổng diện tích cảnh quan: 39.209m2.
+ Diện Tích:
51m2 - 54m2 (01 phòng ngủ).
69m2 - 77m2 (02 phòng ngủ).
96m2 - 100m2 (03 phòng ngủ).
Bàn giao hoàn thiện nội thất cao cấp với các thương hiệu: Kohler, HAFELE, Daikin.
Tiện ích: TTTM, siêu thị, hồ bơi 2 tầng 50m, hồ Jaccuzi độc đáo phòng gym, khu BBQ, sân vườn..
- Hình thức sở hữu căn hộ: Lâu dài.
- Dự kiến hoàn thành: Quý IV/ 2022.
Liên hệ quản lý dự án: 0937 037 ***.","0937037766","2021-06-20"
"30189619","BÁN CĂN VINHOMES GOLDEN RIVER, 1 - 2 - 3 PN, VIEW SÔNG SÀI GÒN, LANDMARK 81. DẪN GẶP CHÍNH CHỦ","Công ty bên em đang có một loạt các căn thuộc dự án Vinhomes Golden River, giá đẹp nhất thị trường. View sông Sài Gòn, Landmark 81.

Chi tiết cụ thể:

- Căn 1 PN (47m2 - 53m2) - giá bán 4,8 tỷ - 5 tỷ Full.
- Căn 2 PN (72m2 - 83m2) - giá bán 7,5 tỷ OT 10 tỷ SHLD.
- Căn Góc 3PN (98 m2 - 118 m2) - giá bán 13tỷ - 18,5 tỷ, view sông SG, Landmark 81.

Dự án thuộc khu vực trung tâm, thuận tiện đi lại. An ninh tốt, bảo vệ 24/24.

Liên hệ ngay để được hỗ trợ dẫn đi xem trực tiếp và gặp chính chủ để thương lượng giá.

SĐT: 0908444*** - Mr. Hòa.

Ngoài các sản phẩm bán hiện bên em cũng có nhiều căn cho thuê, đáp ứng được đầy đủ yêu cầu của khách hàng.

Công ty EAST - SAIGON.
Uy Tín - Nhiệt Tình - Trách Nhiệm.","0908444688","2021-06-19"
"30295615","BÁN CH VINHOMES GRAND PARK, RẺ NHẤT T6/2021, 1PN + 1,7 TỶ, 2PN 1,9 TỶ, 3PN GIÁ 2.8 TỶ, 0834712***","Bán CH Vinhomes Grand Park, rẻ nhất t6/2021, 1PN 1,7 tỷ, 2PN 1,9 tỷ, 3PN giá 2.8 tỷ.
LH 0834712***/ 0938703***.
- Căn Studio:
+ Diện Tích: 30m2 giá 1,2 tỷ view nội khu.
+ Diện Tích: 33m2 giá 1,25 tỷ view sông.

- Căn hộ 1 phòng ngủ.
+ Diện tích 47m2 giá 1,7 tỷ nội thất chủ đầu tư view sông.
+ Diện tích 47m2 giá 1,8 tỷ căn hộ tầng cao view sông.

- Căn Hộ 2 phòng ngủ 1 nhà vệ sinh:
+ Diện Tích: 59m2 giá 2 tỷ nội thất chủ đầu tư.

- Căn hộ 2 phòng ngủ 2 nhà vệ sinh:
+ Diện Tích 67m2 giá 2,3 tỷ.

- Căn hộ 2 phòng ngủ.
+ Diện tích 69m2 giá 2,45 tỷ view sông.

- Căn Hộ 3 phòng Ngủ.
+ Diện tích 81m2 giá 2,8 tỷ.
- Giá trên đã bao gồm các chi phí chuyển nhượng khách mua không phải trả thêm bất kỳ chi phí nào.
- Ngân hàng hỗ trợ vay 80% duyệt hồ sơ nhanh.
- Tiện ích nội khu hoàn chỉnh đã đi vào hoạt động: Công viên biển hồ 36ha, khu BBQ trên biển, hồ bơi, công viên ánh sáng, siêu thị, bệnh viện, Trường học chỉ cách vài bước chân.
- Hiện tại em đang giữ chìa khóa các căn trên quý anh/chị đi xem liên hệ em 24/7. LH.
0834712***.","0834712768","2021-06-19"
"30176669","VỐN 0Đ MUA NGAY ĐƯỢC CĂN 3PN VINHOMES GRAND PARK QUẬN 9, CAM KẾT GIỎ HÀNG TỐT NHẤT THÁNG 6","Sở hữu ngay căn hộ cao cấp tại đại đô thị Vinhomes Grand Park với chỉ với:
- 0 đồng trả trước.
- Nhận nhà ở ngay không chờ đợi.
- Được hỗ trợ vay 100% với lãi suất 0%.
- Chính sách duyệt vay linh hoạt dễ dàng: 30% tài sản đảm bảo của khách hàng (có thể sử dụng tài sản của bố mẹ, anh chị em ruột), 70% đảm bảo bằng chính căn hộ sẽ mua.

Vinhomes Grand Park có hệ thống tiện ích hàng đầu Việt Nam đẳng cấp thế giới nhờ hệ sinh thái Vingroup:

- Trường học liên cấp quốc tế Vinschool (mẫu giáo đến cấp 3).
- Bệnh viện quốc tế Vinmec lớn nhất miền Nam.
- Xe bus điện Vinbus kết nối với các địa điểm trung tâm TPHCM.
- Trung tâm thương mại Vincom Mega và đại công viên 36ha có diện tích lớn nhất Đông Nam Á.

Đặc biệt phân khu The Origami được trang bị các tiện ích hệ thống tiện tích đa dạng trải dài ngay dưới chân tòa nhà: Hồ cá Koi, thác nước nghệ thuật, hệ thống máy tập ngoài trời, hồ bơi, khu BBQ, thư viện, các tiểu công viên đậm phong cách Nhật Bản,...

Chính sách mua nhà 0 đồng tại Vinhomes Grand Park được áp dụng tại các phân khu: The Rainbow (đã hoàn thiện toàn bộ), The Origami cụm tòa S6, S7, S8, S9, S10 (bàn giao nhà trong quý I và II năm 2022).

Giá tham khảo: (đặt cọc 50tr ký hợp đồng mua bán nhận nhà ở ngay):
- Studio (33.6 m2): 2,4 tỷ.
- 1 phòng ngủ + 1 (47 m2): 2,8 tỷ.
- 2 phòng ngủ (67 m2): 3 tỷ.
- 3 phòng ngủ (82 m2 m2): 3,9 tỷ.

Alpha Real là đại lý Platinum của Vinhomes. Sở hữu giỏ hàng đep nhất đa dạng nhất, cam kết giá tốt từ Chủ đầu tư và hàng loạt ưu đãi hấp dẫn dành cho khách hàng. Liên hệ AlphaReal ngay để bắt lấy cơ hội chưa từng có trên thị trường bất động sản này!

Hotline: 0901667*** - 0901883***.
Website: https://alphareal.vn/the-origami/","0901883555","2021-06-19"
"28235117","BÁN NHÀ CHÍNH CHỦ GÒ VẤP, HẺM 12M, 4X19M, 1 TRỆT 2 LẦU, SÂN THƯỢNG, MÁI ĐÚC","Nhà chính chủ bán, khu dân cư Thạch Đà.
Thông tin chi tiết: Nhà phố Gò Vấp, 1 trệt 2 lầu, 5 phòng ngủ, 3 + 1 toilet, 2 sân thượng trước sau, mái bê tông cốt thép.
Diện tích đất 75,3m2, diện tích sàn 208,4m2.
Sổ hồng chính chủ (Sổ đang vay ngân hàng ACB, khách mua khỏi lo vấn đề pháp lý vì ngân hàng đã thẩm định giúp rồi).
Nhà xây năm 2014, hướng Bắc - Đông Bắc.
Khu dân cư quy hoạch diện tích công nhận 100% không vướng lộ giới. Đường trước nhà rộng 8m, lề 4m. Phạm Văn Chiêu vào 300m. Lê Văn Thọ vào 300m.
Giá bán 7.9 tỷ. Giá bán sẽ thương lượng thêm sau khi khách xem nhà.
Liên hệ anh Phụng (chính chủ): 0906087***.","0906087571","2021-06-19"
"30293345","CẮT LỖ CẦN RA GẤP 200 CĂN VINHOMES GRAND PARK Q9. 1PN 2PN 3PN ĐỂ Ở VÀ ĐẦU TƯ, CHO VAY TRẢ GÓP 80%","- Dự án Vinhomes Grand Park Quận 9.
Chủ đầu tư: Vinhomes - Tập đoàn Vingroup - rộng 271 hecta.
+ Vị trí: Đường Nguyễn Xiển, phường Long Thạnh Mỹ, Quận 9.

* Tiện ích:
- Công viên 36ha, Bệnh viện quốc tế, trường học quốc tế Vinschool.
- Hệ thống 1000 máy thể thao ngoài trời, 100 chòi nướng BBQ, công viên Nhật bản, hồ cá koi...
- Trung tâm thương mại Vincom, siêu thị Vinmart, hồ bơi, khu vui chơi, công viên ánh sáng lớn nhất Đông Nam Á...

Phần 1: Tổng hợp các căn hộ đã giao nhà, phân khu 1(the rainbow).
(Ngân hàng cho vay trả góp tới 80% giá căn hộ).

- Liên hệ ngay để nhận tư vấn và chọn căn 24/24. (Gọi trực tiếp /hoặc Nhắn tin trao đổi qua tin nhắn Zalo/ SMS số điện thoại 0932 655 ***).

* Căn Studio.
30.1m2 - Tòa S1.06 giá 1,240 tỷ.
30.4m2 - Tòa S1.03 giá 1,260 tỷ.
30m2 - Tòa S3.05 giá 1,280 tỷ.
33.6m2 - Tòa S1.01 giá 1,335 tỷ..

* Căn 1 phòng ngủ.
46.5m2 - Tòa S2.02 tầng 03 Giá bán 1.850 tỷ.
47.1m2 - Tòa S1.02 Giá bán 1,71 tỷ. (có nội thất bếp rèm).
46.3m2 - Tòa S1.01 Giá bán 1,72 tỷ view hồ bơi.
47.1m2 - Tòa S3.02 Giá bán 1,850 tỷ. (Full nội thất).

* Căn 2 phòng ngủ 1WC. LH: 0932 655 ***.
59.1m2 - Block S2.05 Giá bán 2,1 tỷ.
59.1m2 - Block S1.03 Giá bán 2,13 tỷ (BÁN LỖ 70TR).
59.1m2 - Block S5.01 Giá bán 2,15 tỷ.
59.1m2 - Block S2.01 Giá bán 2,2 tỷ (full nội thất đẹp ảnh thật ở trên).
59.1m2 - Block S5.01 Giá bán 2,33 tỷ (full nội thất đẹp).

* Căn 2 phòng ngủ 2WC.
67.8m2 - Block S3.02 Giá bán 2,290 tỷ.
69.5m2 - Block S1.06 giá bán 2,550 tỷ (có nội thất bếp, tủ, giường).
69.5m2 - Block S5.01 Giá bán 2,600 (bán giá gốc.

* Căn 3 phòng ngủ 2WC.
81.5m2 - Block S2.02 Giá bán 2.880 tỷ.
81.5m2 - Block S1.05 Giá bán 2.900 tỷ.

* Thông tin khu căn hộ phân khu 2 (the origami của nhật đang xây dựng).
Hiện nay chủ đầu tư đang mở bán mới giỏ hàng phân Khu Căn Hộ Origami.
- Phòng KD Vinhomes Q9 bên em đang nắm trên 200 căn độc quyền phân khu Origami (đang tiến hành cất nóc 12/2021 sẽ bàn giao) bán giá gốc - chính sách hỗ trợ cực tốt.
- Tặng Voucher giảm giá ô tô Vinfast trị giá 70 - 150 - 200tr.
- Chỉ thanh toán 15% ký HĐMB. (trong 2 năm đầu không phải đóng thêm gì nữa).
- Ngân hàng cho vay 2 năm không phải trả gốc và lãi.
- Từ lúc mua tới khi nhận nhà chỉ đóng 15%. Sau đó ở thêm 1 năm chưa phải trả tiền, hết 1 năm đó mới bắt đầu trả gốc và lãi cho ngân hàng.
Rổ hàng thường: 200 căn.
Rổ hàng Hoa Hậu view trực tiếp hồ cá koi - hồ bơi: 50 căn.

* Làm việc với Hưng Vinhomes anh chị sẽ được gì?
- Có kinh nghiệm giao dịch hơn 200 căn hộ thuộc tất cả các dòng sản phẩm của Vinhomes.
- Văn phòng công ty ngay dự án, hỗ trợ tham quan căn hộ thực tế 24/7.
- Hỗ trợ khách vay ngân hàng khi mua tại Dự Án.
- Hỗ trợ giải pháp đầu tư hiệu quả, giúp khách tìm hàng và ra hàng nhanh chóng.

- Liên hệ Em để được tư vấn miễn phí, cũng như nhận sơ đồ, mặt bằng, bảng giá căn mới. (Gọi trực tiếp /hoặc Nhắn tin trao đổi qua tin nhắn Zalo/ SMS số điện thoại 0932 655 ***).","0938328955","2021-06-19"
"25839844","CHÍNH CHỦ BÁN RẺ VÀ NHANH CĂN 2PN Q7 RIVERSIDE ĐÀO TRÍ, LH 0935537***","Chính chủ kẹt tiền cần trả ngân hàng nên em cần bán gấp các căn 2PN diện tích 67m2.
View đẹp.
Block S2 tầng 11,15.
Block U1 tầng 7, tầng 20.
Block U2 tầng 31.
Giá bán 2,2 tỷ.
Liên hệ chính chủ: 0935537*** Trang.","0935537777","2021-06-19"
"29645657","BÁN CHUNG CƯ THÁI AN - VỊ TRÍ CĂN VIEW KINH DOANH ĐẸP NHẤT","Mình bán căn hộ chung cư Lầu 1, căn góc, có hai mặt tiền. Chung cư hướng Đông. Cửa chính của căn hộ hướng Tây, hướng của 2 ban công: Đông và Bắc.

Địa chỉ: Chung Cư Thái An 6, hẻm 221/1 Phan Huy Ích, P. 14, Q. Gò Vấp, Tp. HCm.

Diện tích căn hộ: 60,6m2. Gồm 2 phòng ngủ, 2 toilet, 1 phòng khách và 1 bếp. Sổ đỏ đang trong thời gian xét duyệt.

Nơi ở thoải mái, an toàn, yên tĩnh. Chỗ để xe rộng rãi thoáng mát. Cư dân ý thức tốt. Ban quản lí, Tổ Trưởng dân phố, Cán bộ Phường nhiệt tình với cư dân.

Có trường Mầm Non, ScoopSmile, cà phê Napoli; điểm tâm sáng, trưa trong chung cư. Bách Hoá Xanh, Điện Máy Xanh, Thế Giới Di Động, nhà sách, ngân hàng, nhà thuốc, phòng khám xung quanh rất tiện lợi.

Vì có kế hoạch mưu sinh mới nên đành chia tay với em này (mới đó đã qua 3 năm). Mong em sớm tìm được duyên mới.

Giá bán: 1.86 tỷ. Thương lượng cho người có thiện chí mua. Mình mua căn hộ này đắt hơn các căn cùng dãy khác vì nó có vị trí tốt và hoàn toàn an tâm khi có sự cố xảy ra, rất tiện lợi cho gia đình có người lớn tuổi.

Số điện thoại chính chủ: 0976849*** - Mỹ Tiên.

Ai có nhu cầu thì nhanh tay hốt em ấy về vì một hai năm sau chắc ko mua được giá này đâu ạ. Cám ơn sự quan tâm của tất cả mọi người!
Tiếp khách hàng thiện chí. Vui lòng quảng cáo đừng liên hệ!","0976849794","2021-06-19"
"30128621","KẸT TIỀN COVID BÁN CĂN 53M2 Q7 RIVERSIDE GIÁ 1.845 TỶ, KHÔNG ĐĂNG GIÁ ẢO MẤT THỜI GIAN. 0938690***","Lưu ý, không hợp tác với môi giới, cảm ơn mn!
- Bán nhanh căn 1PN 53m2 Q7 Riverside view Phú Mỹ Hưng, tầng cao vip ngắm được toàn cảnh hoàng hôn thành phố, dự kiến quý 3/2022 nhận nhà.
- Giá bán 1.845 tỷ thu về, đăng đúng giá bán, không đăng giá ảo mất thời gian 2 bên.
- View nội khu hồ bơi, em bán giá hợp đồng chênh lệch 80 triệu.
- Căn hộ bàn giao nội thất cao cấp, tặng bếp từ, máy hút khói ...sở hữu hơn 50 tiện ích.
Anh chị nhu cầu mua gọi trực tiếp em Thuận 0938690*** hỗ trợ anh chị.
Cảm ơn mọi người!","0938690234","2021-06-18"
"30282998","BÁN BIỆT THỰ THIẾT KẾ CHÂU ÂU - DIỆN TÍCH KHUÔN VIÊN SÂN VƯỜN RỘNG ĐẸP THOÁNG MÁT NHIỀU CÂY CẢNH","Bán căn biệt thự sân vườn tại Thủ Đức TP. HCM.
Vị trí biệt thự.
Biệt thự: Số 33 đường số 12, P. Trường Thọ, Q. Thủ Đức.
Vị trí đẹp, khu dân cư an ninh. Xung quanh đầy đủ các tiện ích cách 500m: Chợ, Trường học, UBND, bệnh viện, siêu thị rất thuận tiện cho việc đi lại. Vị trí trung tâm kề bên Xa Lộ Hà Nội, Đại lộ Phạm Văn Đồng, Chợ Thủ Đức...
Thông Tin biệt thự.
Hiện trạng: 1 trệt 1 lầu, 5 phòng ngủ có WC và Master hiện đại.
Sân vườn rộng, không gian xanh mát.
Khu vực yên tĩnh, thích hợp ở nghỉ dưỡng, làm văn phòng công ty.
Diện tích: 33 x 39 = 1177m2.
Diện xây dựng 160m2; Diện tích sàn 309,6m2.
Sổ hồng chính chủ sang tên ngay trong 1 nốt nhạc.
Giá bán công khai: 69 tỷ.
Liên hệ số 0387871*** để được tư vấn và hỗ trợ trực tiếp.","0584307952","2021-06-18"
"26207789","CẬP NHẬT T6/2021- 101 CĂN HỘ FELIZ EN VISTA 1-4PN DUPLEX CĂN NÀO CŨNG CÓ,ĐANG GIỮ 30 KEYS COI NHÀ","http://duanfelizenvista.com
Liên hệ Vũ Đức Danh - Admin nhóm facebook cư dân. 070.576.9*** (Viber, Zalo, Whatsapp). Cập nhật ngày 11/06/2021.
BDS Thủ Thiêm Sài Gòn Chúng tôi luôn có sẵn chìa khóa 30 căn hộ coi được ngay - chuyên nhận ký gửi mua bán căn hộ Feliz En Vista. Giao dịch nhanh chóng, uy tín, chuyên nghiệp. Web : thuthiem-saigon.com
Văn phòng tại Tháp Berdaz căn số B, 3a. 02 Feliz en Vista.

Căn 1 phòng ngủ:
Tháp Cruz căn số 08, DT 58m2, giá gốc 2.391 tỷ, bán 3.67 tỷ, hoàn thiện.
Tháp Cruz căn số 10, DT 58m2, giá gốc 2.2 tỷ, bán 3.49 tỷ, giao thô.
Tháp Cruz căn số 11, DT 58m2, giá gốc 2.2 tỷ, bán 3.69 tỷ, giao hoàn thiện.

Căn 2 phòng ngủ:
Tháp Cruz căn số 01, DT 84m2, bán 5.7 tỷ, giao hoàn thiện.
Tháp Cruz căn số 02, DT 84m2, bán 5.75 tỷ, hoàn thiện.
Tháp Cruz căn số 03, DT 84m2, bán 5.5 tỷ, giao thô.
Tháp Cruz căn số 04, DT 84m2, bán 5.55 tỷ, hoàn thiện.
Tháp Cruz căn số 05, DT 82m2, bán 5.45 tỷ, giao hoàn thiện.
Tháp Cruz căn số 07, DT 84m2, bán 5.55 tỷ, giao hoàn thiện.
Tháp Cruz căn số 12, DT 84m2, bán 5.65 tỷ, giao hoàn thiện.
Tháp Cruz căn số 12, DT 84m2, bán 5.37 tỷ, giao thô.
Tháp Cruz căn số 14, DT 84m2, bán 5.75 tỷ, giao hoàn thiện.

Duplex tháp Berdaz căn số 02, diện tích 102m2, bán giá 6.9 tỷ, giao hoàn thiện.
Duplex tháp Berdaz căn số 01, diện tích 102m2, bán giá 6.4 tỷ, giao thô.
Duplex tháp Berdaz căn số 11, diện tích 102m2, bán giá 6.6 tỷ, hoàn thiện.
Duplex tháp Berdaz căn số 05, diện tích 102m2, bán giá 6.35 tỷ, giao thô.
Duplex tháp Berdaz căn số 8, diện tích 102m2, bán giá 6.7 tỷ hoàn thiện.
Duplex tháp Berdaz căn số 05, diện tích 102m bán giá 6.4 tỷ giao thô

Căn 3 phòng ngủ:
Tháp Cruz căn số 06, DT 105m2, bán 6.450 tỷ, hoàn thiện.
Tháp Cruz căn số 13, DT 105m2, bán 6.99 tỷ, hoàn thiện.
Tháp Cruz căn số 13, DT 105m2, bán giá 6.5 tỷ, giao thô.
Tháp Berdaz căn số 10, DT 105m2, bán giá 6.79 tỷ giao hoàn thiện.
Tháp Berdaz căn số 04, DT 105m2, bán giá 6.95 tỷ hoàn thiện.
Tháp Berdaz căn số 10, DT 105m2, bán giá 6.85 tỷ giao hoàn thiện.
Tháp Altaz căn số 03, DT 132m2, bán giá 7.99 tỷ giao thô.
Tháp Altaz căn số 06, DT 132m2, bán giá 8.7 tỷ giao thô.
Tháp Altaz căn số 09, DT 132m2, bán giá 8.99 tỷ giao thô.
Tháp Altaz căn số 10, DT 132m2, bán giá 9.30 tỷ giao thô.
Tháp Altaz căn số 05, DT 132m2, bán giá 8.990 tỷ giao hoàn thiện.

Căn 4 phòng ngủ.
Tháp Altaz căn số 07, diện tích 186m2, bán giá 14.7 tỷ. Bàn giao hoàn thiện cao cấp từ chủ đầu tư.
Tháp Altaz căn số 01, diện tích 239m2, bán giá 19.5 tỷ. Bàn giao hoàn thiện cao cấp từ chủ đầu tư.
Tháp Altaz căn số 08, diện tích 186m2, bán giá 14.7 tỷ. Bàn giao hoàn thiện cao cấp từ chủ đầu tư.","0705769999","2021-05-22"
"30273863","KHÁCH HÀNG MẤT KHẢ NĂNG THANH TOÁN CẦN BÁN GẤP CH AKARI CITY (75M2 - 2.550 TỶ) - (56M2 - 2,16 TỶ)","Khách hàng kẹt tiền cần bán lại căn hộ Akari City giá tốt:

Liên hệ: 0902 898 *** gặp Trinh.

- AK.6.10.18 căn 56m2 giá gốc 1.810 tỷ giá bán 2.160 tỷ view C/C Lê Thành.

- AK.1.12.10 căn 56m2 giá gốc 1.8 tỷ giá bán 2.160 tỷ view C/C Lê Thành.

- AK.6.5.7 căn 56m2 giá gốc 1.840 tỷ giá bán 2.220 tỷ view hồ bơi.

- AK.4.12.7 căn 56m2 giá gốc 2.3 tỷ bán huề vốn view view hồ bơi.

- AK.3.16.10 căn 56m2 giá gốc 2.320 tỷ bán chênh 10tr view MT Võ Văn Kiệt.

- AK.2.11.3 căn 75m2 giá gốc 2.337 tỷ giá bán 2.580 tỷ view MT Lê Tấn Bê.

- AK.6.9.5 căn 75m2 giá gốc 2.4 tỷ giá bán 2.6 tỷ view C/C Lê Thành.

- AK.5.4.4 căn 75m2 giá gốc 2.420 giá bán 2.640 tỷ view Đại Lộ Thương Mại.

- AK.3.11.7 căn 75m2 giá gốc 2.923 tỷ bán lỗ 30 triệu view MT Võ Văn Kiệt.

- AK.1.10.1 căn 84m2 giá gốc 2.72 tỷ giá bán 2.8 tỷ view hồ bơi.

- AK.4.7.9 căn góc 97m2 giá gốc 3.5 tỷ bán lỗ 20 triệu view hồ bơi.

- AK.2.8.14 căn góc 100m2 giá gốc 3.22 tỷ giá bán 3.380 tỷ view hồ bơi.

- AK.6.11.15 căn góc 100m2 giá gốc 3.199 tỷ giá bán 3.310 tỷ view C/C Lê Thành.

- AK.1.9.6 căn góc 121m2 giá gốc 4.2 tỷ bán chênh 4.270 tỷ view C/C Lê Thành.

- AK.3.7.4 căn góc 121m2 giá gốc 4.855 tỷ bán lỗ 20 triệu view hồ bơi.

- Hàng hot 2 căn hộ sân vườn giá bán từ 3.5 tỷ - 4.2 tỷ/75m2 có sân vườn.

- Hỗ trợ vay bank tối đa 70% giá trị căn hộ lãi suất 7.5%/năm bao hồ sơ cho khách hàng mua.

Ký hợp đồng sang tên đóng 45% cộng với số tiền chênh lệch.

Cam kết không báo căn báo giá ảo. Không phát sinh thêm chi phí.

Tôi quản lý rổ hàng còn nhiều căn vị trí đẹp quý khách hàng vui lòng liên hệ để được tư vấn.

- Liên hệ: 0902 898 *** gặp Trinh (hỗ trợ tư vấn chi tiết nhiệt tình).

- Website: https://canhovovankiet.com/akari-city-nam-long/","0902898577","2021-06-17"
"30273554","CHÍNH CHỦ BÁN LỖ PARI HOÀNG KIM - TRẦN NÃO - Q2. DT 77,7M2 THIẾT KẾ 2PN + 1 5.65 TỶ. LH 0919499***","Chính chủ ngộp Covid.
Cần sang nhượng lỗ căn hộ Pari Hoàng Kim - Trần Não - Quận 2.

Vị trí dự án:
- Ngay ngã ba Trần Não cắt Lương Định Của - Đại lộ vòng cung (Bình Khánh - Quận 2).

Thiết kế 2 phòng ngủ + 1.
DT 77,7m2. View sông Sài Gòn và Landmark 81 siêu đẹp.

Thanh toán:
- Đã thanh toán 35% giá trị hợp đồng (1,975 tỷ). Ngân hàng Vietcom và Viettin bảo lãnh dự án.
Bàn giao.
- Dự kiến quý IV/2022 bàn giao căn hộ.

Ưu điểm của dự án:
- Nằm ngay vị trí vàng chỉ cách trung tâm 5p xe, khu vực sầm uất, dân cư trí thức.
- Tiến độ thanh toán tối ưu chỉ 1%/ tháng.
- Cách bệnh viện quốc tế - trường học quốc tế - Trung tâm thương mại Bán kính 1 - 2km.
Anh chị quan tâm vui lòng liên hệ hotline 24/24.
SDT 0919499*** để được tư vấn trực tiếp.

link youtube thực tế:
https://www.youtube.com/watch?v=GlyI80zn63Y","0919499966","2021-06-17"
"30272619","CẦN BÁN NHÀ MẶT TIỀN NGUYỄN THỊ ĐỊNH ĐANG MỞ ĐƯỜNG LỚN 30M THÍCH HỢP KINH DOANH MỌI NGÀNH NGHỀ","Cần bán nhà mặt tiền Nguyễn Thị Định đang mở đường lớn 30m thích hợp kinh doanh mọi ngành nghề
DT 141m
Nhà cấp 4 mới sửa sạch đẹp vào kinh doanh ngay
Xung quanh dân cư dông, gần chợ Cây Xoài, cảng Cát Lái
Tiện làm vp, cho thuê (trước đây đang cho thuê 40tr/tháng)
Giá bán 22ty (có thương lượng)
LH 0985356*** (Anh Truyền - Chính chủ)","0985356406","2021-06-17"
"30270578","RỔ HÀNG 139 CĂN VINHOMES QUẬN 9 THỞ OXI CẦN RA GẤP. STUDIO 1,2TỶ, 1PN + 1,69TỶ, 2PN 1,99TỶ","Em Phung Vinhomes xin chào quý anh/chị.
Hiện tại, em đang nắm hơn 1000 căn hộ chuyển nhượng tại khu Rainbow. Trong đó có khoảng 100 căn khách thở oxy đang cần ra gấp.
Rổ hàng 139 căn NGỘP này rất thích hợp để đầu tư - an cư. Chủ nhà gởi bán bằng giá gốc mà họ đã mua từ 2 năm trước vì kẹt tài chính nên họ chấp nhận bán rẻ Hơn giá thị trường 100 - 200 triệu/căn.
Vì là rổ hàng rẻ nhất thị trường nên tính thanh khoản rất nhanh, A/C nên quyết định sớm để chọn lựa cho mình căn hộ đẹp nhất, giá tốt nhất thị trường ạ.
Phung Vinhomes - Trưởng phòng MKT Vinhomes Quận 9 rất vui được hỗ trợ quý a/c qua số Hotline: 0932739*** - 0938393***.
* Căn studio.
- DT 33.8m2 - Tòa S3.02 tầng 14 bán 1.209 tỷ.
- DT 30.1m2 - Tòa S2.02 căn 01 bán 1.280 tỷ có nội thất.
- DT 30.4m2 - Tòa S1.07 tầng 17 bán 1.250 tỷ.
- DT 30.1m2 - Tòa S2.02 tầng 08 bán 1.218 tỷ.
- DT 33,8m2 - Tòa S3.05 tầng 25 giá thu hồi lại vốn, k chênh.
- DT 34,8m2 - Tòa S5.01 tầng 04 bán 1,384 tỷ.
* CĂN 1PN + 1 LH: 0938393***.
- DT 46.5m2 - Tòa S2.02 tầng 03 bán 1.710 tỷ.
- DT 47.1m2 - Tòa S1.02 tầng 3 bán 1.695 tỷ. (có nội thất đẹp).
- DT 46.3m2 - Tòa S1.02 tầng 33 bán 1.750 tỷ view landmark cực đẹp.
- DT 47.1m2 - Tòa S1.03 tầng 10 bán 1760 tỷ.
- DT 47.1m2 - Tòa S3.05 tầng 8 bán 1.810 tỷ.
* CĂN 2PN 1WC.
- DT 59.1m2 - Tòa S2.05 tầng 04 bán 1.950 tỷ.
- DT 59.1m2 - Tòa S1.06 tầng 22 bán 1.990 tỷ.
- DT 59.1m2 - Tòa S1.06 tầng 14 bán 2.040 tỷ.
* Căn 2PN 2WC VÀ 2PN + 1 LH: 0938393***.
- DT 69.8m2 - Tòa S1.01 tầng 3 bán 2.450 tỷ.
- DT 67.8m2 - Tòa S2.02 tầng 12 bán 2.470 tỷ.
- DT 69.5m2 - Tòa S1.07 tầng TRUNG 2.580 tỷ có bếp rèm, view hồ bơi.
- DT 69.5m2 - Tòa S3.01 tầng 05 bán 2,47 tỷ.
* Căn 3PN 2WC.
- DT 81.5m2 - Tòa S5.01 tầng 30 bán 2.800 tỷ.
- DT 81.5m2 - Tòa S1.02 tầng 5 bán 3,050 tỷ full nội thất đẹp.
- DT 81.5m2 - Tòa S3.01 tầng trung bán 2.900 tỷ.
- Trên đây là một số căn đại diện, ngoài ra còn nhiều căn đẹp giá tốt BÁN GỐC. Liên hệ em để biết thêm chi tiết 0938393***.
Ngoài ra, phòng kinh doanh Vinhomes Grand Park đang nằm trên 300 căn độc quyền phân khu Origami bán giá gốc thanh toán 0 đồng.
- Tặng voucher từ 70tr đến 200tr.
- Mua nhà 0 đồng ký ngay HĐMB.
- Ân hạn gốc lãi 24 Tháng.
- Tới khi nhận nhà mới đóng 15% (T12/2021). Sau đó ở Free 1 năm rồi mới bắt đầu trả gốc và lãi ngân hàng.
Không cần bỏ vốn nhưng vẫn sở hữu hộ khẩu thành phố - Chưa bao giờ mua nhà dễ đến thế.
Làm việc với Phung Vinhomes quý a/c sẽ được gì?
- Hỗ trợ tham quan dự án, căn hộ 24/7.
- Hỗ trợ khách vay ngân hàng c/m thu nhập khó, bùa hồ sơ, là, đẹp hồ sơ vay.
- Hỗ trợ thủ tục chuyển nhượng, giải pháp đầu tư hiệu quả, giúp khách ra hàng nhanh chóng.
Với phương châm sống và mục tiêu nghề nghiệp rõ ràng Uy Tín - Chuyên Nghiệp - Tận Tâm, luôn cố gắng đem lại nhiều giá trị cho khách hàng.
Gọi ngay cho em 0938393*** để được tư vấn - hỗ trợ xem nhà 24/7.
Add Zalo của em nhé: 0938393*** để được nhận miễn phí trọn bộ Thông Tin dự án - bảng giá Rổ hàng 139 căn ngộp - Bảng giá 1000 căn chuyển nhượng Rainbow mới nhất.","0938393820","2021-06-17"
"30261775","TRANG CHÍNH THỨC CHỦ ĐẦU TƯ CELESTA HEIGHTS CHÀO ĐÓN BẠN ĐẾN VỚI TỔ ẤM ĐÍCH THỰC","Tọa lạc tại tâm điểm vàng ngay mặt tiền đường Nguyễn Hữu Thọ, Celesta Heights là dự án được đón chờ tiếp theo thuộc khu căn hộ cao cấp Celesta - hợp tác phát triển bởi chủ đầu tư Keppel Land và Phú Long. Với diện tích 2.15 ha gồm 4 tòa tháp và 752 căn hộ với diện tích từ 1 - 3 phòng ngủ, căn hộ áp mái, căn hộ thông tầng và căn hộ mặt tiền, dự án sẽ mang đến cho gia đình bạn một không gian sống hiện đại hòa quyện với thiên nhiên xanh mát bậc nhất khu Nam Sài Gòn.

Hãy bắt đầu cuộc sống hoàn hảo của bạn tại tổ ấm đích thực Celesta Heights với trên 50 tiện ích độc đáo theo phong cách ""rừng trong phố thị"" phù hợp cho mọi nhu cầu sinh hoạt, giải trí của cư dân. Dự án đặc biệt lấy sự phát triển cân bằng thể chất tâm trí của trẻ em làm trọng tâm:
- Hệ thống cảnh quan lọc không khí.
- Hồ bơi 63m & khu phức hợp thể thao dưới nước 2.500m2.
- Khu thư giãn thủy lực.
- Khu rừng kỳ thú.
- Công viên nước rừng xanh.
- Nhà câu lạc bộ 3 tầng với Phòng Gym 24/7, phòng karaoke & chiếu phim.
- Khu thể dục dưới nước.
Cùng nhiều tiện ích độc đáo khác.

Tại Celesta Heights, bạn còn dễ dàng tiếp cận và tận hưởng các tiện ích ngoại khu lân cận như dịch vụ chăm sóc sức khỏe cao cấp, trung tâm thương mại và trường học danh tiếng tại trung tâm Nam Sài Gòn như: Đại học RMIT, Đại học Tôn Đức Thắng, TTTM SC Vivo City, bệnh viện FV chỉ từ 5 phút lái xe.

Liên hệ ngay đến hotline: (+ 84 28) 7302 9*** hoặc truy cập website: https://celesta.com.vn/vi/celesta-heights/home để được cập nhật thông tin mới nhất về dự án!","(+84 28) 7302 9666 ","2021-06-17"
"28049124","MÔI GIỚI CHIỀU KHÁCH NHẤT FELIZ, GIỎ HÀNG CẬP NHẬT THÁNG 05/2021, KHÔNG ĐĂNG GIÁ ẢO 0934470*** LỘC","Chào anh/chị, em tên Nguyên Lộc. Hiện tại đang làm môi giới tại Feliz En Vista.
Em chuyên nghiệp và có đầy đủ kiến thức để tư vấn cho anh/chị một cách trung thực, và tận tâm, cung cấp thông tin chính xác.

Trước khi mua căn hộ tại Feliz En Vista, để biết được giá tốt nhất, hãy gọi cho em để biết giá giao dịch gần nhất, thương lượng trực tiếp chủ nhà, sử dụng dịch vụ bên em, quý anh chị sẽ an tâm về chất lượng, giá cả, pháp lý rõ ràng. Hỗ trợ vay ngân hàng lên đến 80% giá trị căn hộ.

Lấy uy tín làm đầu + hỗ trợ xem nhà 24/7, xem không mua cũng không sao.
Liên hệ Nguyên Lộc: 0934470*** Zalo/Viber/SMS (luôn luôn Trực tuyến).

Bên em cam kết: Không báo giá ảo để kiếm khách, và làm mất thời gian của anh chị, trả sát giá chủ nhà. Miễn sao khách hàng ưng ý và vừa lòng.

* Căn 1 phòng ngủ, DT 58m2.
Tháp Cruz - bàn giao nhà thô - giá 3.7 tỷ.
Tháp Cruz - hoàn thiện cơ bản - giá 3.65 tỷ.
Tháp Cruz - đầy đủ nội thất - giá 3.8 tỷ - 4.1 tỷ.

* Căn 2 phòng ngủ:
Tháp Cruz - hoàn thiện cơ bản - giá 5.35 tỷ.
Tháp Cruz - đầy đủ nội thất - DT 83m2 - giá 5,7 tỷ.

Tháp Berdaz - Duplex - bàn giao nhà thô - DT 102m2 - giá 6.35 tỷ.
Tháp Berdaz - Duplex - đầy đủ nội thất - DT 102m2 - giá 6.5 - 7.2 tỷ.

* Căn 3 phòng ngủ:
Tháp Cruz - đầy đủ nội thất - DT 106m2 - giá 7.2 tỷ.
Tháp Berdaz - đầy đủ nội thất - DT 106m2 - giá 7 tỷ.
Tháp Altaz - Duplex - bàn giao nhà thô - 133m2 - giá 8.9 tỷ.

* Căn 4 phòng ngủ.
Tháp Altaz - Sky Villa - hoàn thiện cơ bản - 181m2 - giá 15 tỷ.
Tháp Altaz - Sky Mansion - bàn giao nhà thô - 239m2 - giá 18.5 - 24 tỷ.

* Giá trên đã bao gồm 100% giá trị căn hộ.

* Giá cả là do chủ nhà đưa ra, em hỗ trợ thương lượng sát giá nhất.

- Đảm bảo thủ tục nhanh chóng, dễ dàng, hỗ trợ thủ tục cho khách hàng tốt nhất.

- Hỗ trợ xem nhà 24/7. Phục vụ tốt nhất.

- Liên hệ ngay để ưu tiên chọn được căn tốt nhất, hỗ trợ tham quan căn hộ trực tiếp:
Zalo/Viber/SMS: 0934470*** Nguyên Lộc.","0934470489","2021-06-17"
"30269240","BÁN NHANH CĂN HỘ CELADON CITY 2PN, 1WC, 55M2, 1.95TỶ, NTCB, VAY 70%, Ở NGAY. 0049.55.11.99 TÙNG","* Cam kết 100% có hàng tại Celadon City phường Sơn Kỳ, quận Tân Phú*.
Cập nhật giỏ hàng mới nhất khu Celadon City.
- Cập nhật ngày 17/06/2021: Giá tốt nhất cho khu Topaz - Celadon City 2PN, 1WC 55m2 giá 1.95 tỷ, Ở ngay, Vay 70% (1.3 tỷ).
- Khu Ruby Celadon City, ở ngay, đã có sổ hồng.
+ 2PN, 2WC, 68m2, có sổ hồng, view nội khu, Nội thất cơ bản, giá 2.6 tỷ.
+ 2PN, 2WC, 68m2, có sổ hồng, view tây nam, full nội thất, giá 2.55 tỷ.
+ 3PN, 2WC, 80m2, lên CĐT làm sổ, view Đông Nam, nội thất cơ bản, giá 3.2 tỷ.
+ 3PN, 2WC, 84m2, lên CĐT làm sổ, view nội khu, Có ban công, nội thất cơ bản, giá 3.5 tỷ.
- Khu Emerald Celadon City mới nhận nhà, chưa ở, Khách nhận nhà ở ngay. Cần bán gấp.
+ 1PN, 1WC, 53m2, nhà trống, giá 2.5 tỷ bao hết thuế phí.
+ 2PN, 1WC, 63m2, nhà trống view Đông Nam, giá 3 tỷ bao hết thuế phí.
+ 2PN, 1WC, 63m2, Nội thất cơ bản, view Tây Nam, giá 3.05 tỷ bao hết thuế phí.
+ 2PN, 1WC, 66m2, Loại đặc biệt Baywindowns, Full nội thất; Giá 3.2 tỷ bao hết thuế phí.
+ 2PN, 2WC, 71m2, nhà trống; View nội khu, Giá 3.3 tỷ bao hết thuế phí.
+ 2PN, 2WC, 71m2, nội thất cơ bản; View nội khu, Giá 3.37 tỷ bao hết thuế phí.
+ 2PN, 2WC, 73m2, loại đặc biệt ban công gốc 2 view, nội thất cơ bản; View nội khu, Giá 3.37 tỷ bao hết thuế phí.
+ 2PN, 2WC, 71m2, full nội thất; View nội khu, Giá 3.45 tỷ bao hết thuế phí.
+ 2PN, 2WC, 1 kho, 86m2, loại đặc biệt Bay Windowns, full nội thất, giá 4.2 tỷ bao hết thuế phí.
+ 3PN, 2WC, 104m2, nhà trống, giá 4.5 tỷ bao hết thuế phí.
+ Duplex 3PN, 2WC, 98m2, full nội thất, giá 4.05 tỷ bao hết thuế phí.
- Khu Topaz:
+ Căn 50m2, 1PN, 1WC, giá chỉ 1.7 tỷ, vay được 1.2 tỷ.
+ Căn 67m2, 2PN, 1WC, giá 2.3tỷ, ở ngay, vay 1.5 tỷ.
* Ngoài ra Tùng còn cập nhật giỏ hàng Diamond cho khách hàng đầu tư để lại giá sỉ.
* Hàng thật, giá trị thật, xem nhà thực tế, pháp lý đầy đủ*.
* Hỗ trợ làm hồ sơ Ngân hàng cho vay 70%, duyệt hồ sơ dễ, nhanh, gọn*.
Hãy nhanh tay gọi ngay: 0949.55.1*.** hoặc 0353.12.1*.** hoặc 0909.44.0*.** gặp Tùng để được xem nhà thực tế, tư vấn pháp lý.","0949551199","2021-06-17"
"30267711","QUẢN LÝ 50 CĂN RIVER PANORAMA GIÁ TỐT CẦN BÁN TỪ 2.3 TỶ ĐẾN 2,5 TỶ TỪ 2PN ĐẾN 3PN, BAO THUẾ PHÍ","Cần bán gấp căn hộ River Panorama đảm bảo có nhiều căn giá tốt cho anh chị...
Do ngộp tiền mua dịch cần ra gấp căn hộ River Panorama giá rẻ thu hồi vốn.
Lh: 0938393*** xem nhà 24/7 - (Phòng Pháp Lý: 0938981***).
- Hỗ trợ vay ngân hàng đến 70%.
- Làm việc trực tiếp với chủ nhà. Thương lượng giá với chủ nhà cho khách mua. Giỏ hàng có tất cả các căn cần chuyển nhượng và cho thuê của River Panorama. Khách tha hồ lựa chọn. Dẫn đi xem khi nào chọn được căn ưng ý thì thôi.

- Vị trí: Mặt tiền đường Hoàng Quốc Việt, khu sầm uất ngay Khu đô thị Phú Mỹ Hưng, liền kề Quận 4, Quận 8. Xung quanh là các TTTM lớn Lotte Mart,.. Các trường đại học và trường quốc tế lớn. Di chuyển sang các Q4, Q5, Q1 chỉ mất từ 10 - 15p.

Khu vip an ninh 24/24 - Thẻ từ lên chỉ 01 tầng căn hộ.

Bảng giá chính chủ - Cam kết tốt nhất trị trường - Chốt giá trực tiếp với chủ nhà.
Liên hệ: 0938981***.

- Căn 2PN - 1WC. Diện tích: 55 - 57 m2.
+ View công viên nội khu: Giá từ 2,23 tỷ (Bao hết thuế phí).
+ View sông - Cầu Phú Mỹ, nhà trống: Giá từ 2,3 tỷ (Bao hết thuế phí).

- Căn 2PN - 2WC. Diện tích: 62 - 64.5 m2.
+ View công viên nội khu: Giá từ 2,4 tỷ (Bao hết thuế phí).
+ View sông - Cầu Phú Mỹ, nhà trống: Giá từ 2,62 tỷ (Bao hết thuế phí).

- Căn 3 PN. Diện tích: 90 m2 - 114 m2.
+ View công viên nội khu, 114m2: Giá từ 3,9 tỷ (Bao hết thuế phí).
+ View sông - Cầu Phú Mỹ, 90m2: Giá từ 3,5 tỷ (Bao hết thuế phí).

- Đặc biệt giá 3 căn siêu hot - nên mua.
+ Căn 2PN view sông - cầu Phú Mỹ, lầu cao, thoáng mát, 57m2. Giá 2,37 tỷ (Bao hết).
+ Căn 2PN view sông - cầu Phú Mỹ, lầu cao, thoáng mát, 62m2. Giá 2,62 tỷ (Bao hết).
+ Căn 3PN view sông - cầu Phú Mỹ, lầu cao, thoáng mát. Giá 3,5 tỷ (Bao hết).

* Nhà hoàn thiện nội thất cơ bản ngoại nhập từ Đức Mỹ:
+ Full hệ thống bếp: Tủ bếp trên, bếp dưới, bếp điện từ, máy hút mùi, đều thương hiệu Hafele bồn rửa Hafele, mặt đá Solit Soface, kính cường lực.
+ Full thiết bị phòng WC: Tủ Lavabo trên, dưới, bồn cầu, kính tắm đứng, vòi sen... Hafele.
+ Full sàn gỗ nhập khẩu cao cấp phòng ngủ.
+ Full hệ thống trần thạch cao sang trọng + đèn neon vàng.
+ Sảnh đón resort rộng 1000m2 thông 2 tòa.
+ Đặc biệt có hệ thống nước uống tại vòi của công nghệ Singapore thích và hồ bơi sang chảnh tầng thượng nhìn ra sông Sài Gòn và hướng Q1.
+ Khoảng giá tiền này, cam kết không có ở đâu Quận 7 ngoài cụm căn hộ này.

Chúng tôi rất vinh dự sẽ tư vấn, tham quan thực tế để Bạn chọn được căn hộ rẻ nhất - đẹp nhất - hoàn hảo nhất.
Đặc biệt: Gặp trực tiếp chủ nhà để chốt giá.
Liên hệ: 0938981*** (Call, Zalo).
Video thực tế căn hộ: Https://www.youtube.com/watch?v=RSpjWal2nX4&list=PLy267yL22lFmYpBBnTGhL1K9TsuOGhifQ&index","0938393611","2021-06-17"
"30267431","THE GLEN: CONDO VILLA CELADON CITY ""TẦM NHÌN TRIỆU ĐÔ - KHÔNG GIAN XANH TRONG TẦM MẮT","Condo Villa kênh đầu tư sinh lời bền vững tại Sài Gòn vì số lượng có hạn.
Khác biệt đến từ thiết kế:
- 1 Hầm, 1 trệt và 4 tầng lầu với không gian sử dụng bao gồm:
1 phòng khách, 1 phòng sinh hoạt gia đình, 5 Phòng ngủ, 1 phòng chức năng, 1 phòng kho và 7 wc.
- Tổng diện tích sử dụng từ 299,6m2 lên đến 415,2m2.
- Đặc biệt: Chỉ có 98 căn duy nhất tại.
- The Glen nằm ngay vị trí vàng của dự án, với 98 căn đều có view hướng ra công viên trung tâm 16ha cây xanh hiện hữu.
- Tất cả các phòng đều có ban công kính, và hệ số view thoáng rộng. Cửa trượt kết hợp với ban công kính ở từng tầng tạo nên không gian mở đón ánh sáng tự nhiên và sinh khí tràn vào.
- Điểm nhấn thiết kế: Thang máy kính trong suốt từ hầm lên đến tất cả các tầng.
Tiến độ thanh toán có 1.0.2 tại Celadon City:
- Ký hợp đồng mua bán: 5%.
- 6 Tháng sau kể từ ngày ký HĐMB thanh toán tiếp 5%.
- 12 Tháng sau kể từ ngày ký HĐMB thanh toán tiếp 10%(Ngưng đến quý 3/2023 sẽ thanh toán tiếp đợt nhận nhà 42%).
- Còn lại thanh toán sau nhận nhà chia làm 4 đợt.

2/ Shophouse: Sở hữu lâu dài.
- Diện tích: 180m2 đến 700m2.
- Cam kết lợi nhuận lên đến 30%.
- Vị trí: Trung Tâm Đại Lộ Gamuda.
- Số lượng 68 căn.

3/ Duplex - Penthouse (Căn hộ thông tầng): 3 - 4 Phòng ngủ.
- Diện tích: 161 - 214 - 289m2.
- Sở hữu sân vườn địa đàng tuyệt đẹp sau nhà.
- Khu xem phim ngoài trời cạnh nhà.
- Số lượng giới hạn: 20 Penthouse và 16 Duplex.

4/ Sky Linked Villa: 2 Phòng ngủ đến 4 Phòng ngủ.
- Xe hơi chạy lên tận nhà.
- Sở hữu Gara xe riêng.
- Vị trí trung tâm view đại lộ Gamuda 62m, 1 bước xuống Shophouse.
- Diện tích: 160 - 250m2.
- 4PN: Lên đến 242m2.
- Số lượng: 204 căn.

5/ Căn hộ 2 phòng ngủ.
- Loại 2PN: Diện tích 79 - 85 - 95m2.
- Loại 2PN + 1: Diện tích 119m2.

6/ Căn hộ 3 phòng ngủ.
- Loại 3PN: Diện tích 103 - 117 - 120m2.
- Loại 3PN + 1: Diện tích 135 - 141,9m2.
- Loại 3PN + 1 + 3 toilet (3ban công, 2 phòng Master): 159,8m2.

* Tiến độ thanh toán: Ký HĐMB 5% - 10%.

* Tiện ích liền kề bậc nhất khu Tây:
- Công viên cây xanh 16 ha đã hoàn thiện, chưa từng dự án nào có.
- Khu phức hợp thể thao với đầy đủ loại hình như: Hồ bơi Olympic, phòng xông hơi khô, ướt, phòng gym, sân cầu lông, tennis, bóng đá đã hoàn thiện.
- Hệ thống trường học các cấp: Trường Quốc tế Á Châu, trường dân lập Nguyễn Khuyến (đang hoàn thiện), trường mầm non Maple Bear (đang hoàn thiện), trường THCS Tôn Thất Tùng, THPT Lê Trọng Tấn (đã hiện hữu).
- Phòng khám bác sĩ gia đình Hoàn Mỹ Celadon - người bạn đồng hành tin cậy của mọi gia đình trên hành trình bảo vệ và nâng cao sức khỏe.
- Làng văn hóa cùng hàng loạt tiện ích nội khu như khu nướng BBQ, xe điện miễn phí, khu thể thao ngoài trời.

(Ngân hàng hỗ trợ vay lên đến 80% - trong vòng 25 năm - lãi suất ưu đãi).

Nhân viên chủ đầu tư Gamuda Land - Celadon City: Trần Hân 0906983***.
Email: han.tranvan@gamudaland.com.my","0906983352","2021-06-17"
"30263059","THẬT BẤT NGỜ! ĐẤT MẶT TIỀN TTH26 - 15X15M 2 MẶT ĐƯỜNG 8M THÔNG, 100% THỔ CƯ, TÂN THỚI HIỆP, QUẬN 12","Cần bán miếng đất mặt tiền Tân Thới Hiệp 26.

- Một sẹc Trương Thị Hoa(TTH 07) thông ra Nguyễn Thị Kiểu(HT37 - TTH01).

* Có 1 mặt hẻm 8m và 1 mặt tiền TTH26 thông.
* Cách TTH07 chỉ 20m.
* Diện tích 15x15m có CN 225m2 thổ cư(100%).
* Hướng Đông Nam và Tây Bắc.
* Sổ hồng dân cư hiện hữu! Tách được 3 sổ!

* Vị trí!
- Đối diện công an Quận 12!
- Trường học các cấp! Trong bán kính 500m.
- Cách bệnh viện quận 12 chỉ 1km.
- Khu vực dân cư đông đúc! Chợ sát bên!
- Về Gò Vấp chỉ 3p xe máy!
- Dân cư hiện hữu tách được 3 sổ riêng!

* Liên hệ: 0946408*** - Quân!","0946408778","2021-06-16"
"30144939","SĂN HÀNG GIÁ TỐT DIAMOND CENTERY - TẮM BIỂN TẠI GIA CHẲNG ĐI ĐÂU XA CHỈ VỚI 590TR - LH: 0909736***","Hãy để ánh bình minh & bản hòa âm của biển xua tan mọi buồn phiền trong bạn!

- Diamond Centery gồm các loại căn 2PN - 3PN - 4PN với diện tích đa dạng từ 86m2 - 121m2 - 290m2.

- Giá chỉ từ 6 tỷ trở lên cho 1 căn hộ 2PN, 2WC, 2 Bancony.

- Lịch biểu thanh toán vô cùng hấp dẫn. Kí HĐMB chỉ 5% tương đương 300 triệu. Các đợt thanh toán tiếp chỉ theo từ 10% - 15% cho mỗi đợt rãi đều đến lúc bàn giao.

- Nhận nhà vào quý 3/2024. Rất thích hợp để đầu tư trung & dài hạn với số tiền bỏ ra ban đầu vô cùng ít.

- Đặc biệt được tặng kèm chỗ đậu xe hơi định danh và các nội thất cao cấp đến từ thương hiệu hàng đầu thế giới (thiết bị vệ sinh Duravit, bếp Bosch, khóa Assa Abloy... ).

- Đây là căn hộ đầu tiên tại Việt Nam có BIỂN nhân tạo với bờ cát trắng trải dài, hàng cọ dừa xanh mát, vườn nhiệt đới cùng nhiều tiện ích 5* mang đẳng cấp quốc tế. Ngoài ra còn được tận hưởng không gian 16ha công viên cây xanh, mang âm hưởng của rừng nhiệt đới với các hồ nước tự nhiên và khe suối mát mang đến 1 trải nghiệm thiên nhiên vô cùng thú vị ngay tại TPHCM.

- Là khu căn hộ Resort tại gia đẳng cấp đầu tiên & duy nhất tính đến hiện tại của khu Tây thành phố - từ thiết kế đến hệ thống dịch vụ, tiện nghi đi kèm.
+ Hồ bơi tràn với công nghệ khử muối điện dung có hệ thống Aqua Gym, Aqua Yoga.
+ Club House chuẩn 5* (Cigar Lounge, Sân Golf giả lập, Spa, Phòng Chiếu Phim).
+ Dịch vụ Resort có ngay tại gia chỉ cần 1 cuộc điện thoại.
+ Vườn chân mây, vườn địa đàng, công viên lệch tầng.

- Nằm tại trung tâm Khu đô thị quốc tế Celadon City, với cơ sở hạ tầng cao cấp hoàn thiện đáp ứng toàn diện phong cách sống thượng lưu.

* Một khu Resort trước cửa nhà để mỗi ngày đều là một kì nghỉ dưỡng, mang lại một cuộc sống hoàn mỹ *.
---------------------------------

Gamuda Land - nhà kiến tạo đô thị đến từ Malaysia.

Liên hệ PKD Chủ Đầu Tư: 0909 736 *** - Tường Vi.
Email: vi.phanthituong@gamudaland.com.my","0909736107","2021-06-15"
"23118774","NHÀ PHỐ THƯƠNG MẠI CITYLAND MT ĐƯỜNG 30M 1 HẦM, TRỆT, 4 LẦU DT 100M2 THANH TOÁN LINH HOẠT","Nhà Cityland Park Hills, vị trí mặt tiền Nguyễn Văn Lượng, hoàn thiện mặt ngoài.
Kết cấu: 5x20m, hầm trệt 4 lầu, tổng DT 350m2.

Khu dân cư Cityland Park Hills:
- Vị trí: 18 Phan Văn Trị, phường 10, Gò Vấp. 2 mặt tiền Phan Văn Trị và Nguyễn Văn Lượng.
- Bao gồm 973 căn nhà phố liền kề và biệt thự, 5 block căn hộ (968 căn hộ cao cấp).
- Tiện ích nội khu: TTTM Lotte Mart hoạt động từ 4/2016, trung tâm hội nghị, trường học liên cấp quốc tế, bệnh viện Nhật Bản công viên trung tâm rộng hơn 2 hecta.
- Hiện hữu nhiều văn phòng công ty, nha khoa, cửa hàng, trung tâm anh ngữ, cafe,...
Thanh toán theo tiến độ.

Liên hệ: 0933483*** Quang Lộc.
(Trực tiếp chủ đầu tư).","0933483963","2021-06-15"
"30248626","CHÍNH CHỦ CẦN BÁN GẤP CĂN PENTHOUSE JAMILA KHANG ĐIỀN, GIÁ CHỈ 13 TỶ","Thông số kĩ thuật:
- Diện tích: 243m2.
- 4 phòng ngủ.
- 4 toilet.
- Phòng khách rộng rãi thoáng mát.
- Có không gian thông tầng.
- Nội thất căn hộ được thiết kế theo phong cách hiện đại, cực kì đẹp mắt và tiện dụng.

Thuận lợi giao thông:
- Qua Quận 2, Bình Thạnh chỉ mất 10 - 15p.
- Dễ dàng di chuyển về trung tâm Quận 1.
- Khu đô thị Thủ Thiêm.
- Sala Đại Quang Minh qua Cao tốc Long Thành Dầu Giây,
- Đại lộ Mai Chí Thọ.
- Thuận tiện về Khu đô.
Thị Phú Mỹ Hưng qua đường Vành Đai Trong.

Tiện ích:
- Hồ bơi tràn bờ.
- Siêu thị mini.
- Công viên cây xanh.
- Phòng Gym.
- Shop House.
- Coffee House.
- Trường Mầm Non.
Dự án Jamila Khang.
Điền có 2 hồ bơi. Hồ bơi nhỏ diện tích 858m2 và một hồ bơi lớn trong cụm tiện ích rộng hơn 4000m2. Phòng Gym nằm trên tầng 2 nhà điều hành và có view nhìn về hồ bơi tuyệt đẹp.

Giá bán:
13 tỷ - Liên hệ em Đạt 0972242*** để biết thêm thông tin chi tiết.","0972242744","2021-06-15"
"30245182","BÁN 115M2 ĐẤT NỀN CHÍNH CHỦ TẠI LONG THẠNH MỸ Q9, ĐỐI DIỆN VINCITY Q9, ĐẤT SỔ ĐỎ, SANG TÊN NGAY","Tôi bán lô đất, hẻm xe hơi 4 - 7 chỗ vào thoải mái, đất anh chị có thể xây nhà ở. Hướng Nam, hình ảnh thật tôi có đăng kèm bên dưới.
- Vị trí: Đất cao ráo, Lô đất nằm trên trục đường Nguyễn Xiển, phường Long Thạnh Mỹ, Quận 9. Xung quanh đầy đủ tiện ích gần chợ, Bách Hóa xanh, trường học mẫu giáo, cấp 1, cấp 2, cấp 3, Trường Đại Học Quốc gia, siêu thị, di chuyển qua các quận trung tâm mất 20 phút chạy xe máy. Đặc Biệt là đối diện khu Phức Hợp cao cấp Vinhomes Grand Park Q9 Của Tập Đoàn Vingroup.
- Tôi bán lại cho anh chị có thiện chí mua xây nhà ở, giá tốt nhất khu vực, tiềm năng khu đông còn tăng trưởng cao trong thời gian tới mua chắc chắn sinh lợi nhuận cao trong tương lai.
- Đường rộng 6m lọt lòng, vỉa hè 2,5m.
- DT: 4m x 27.5m.
- Giá chỉ 31,750,000/m2.
- Sổ Đỏ sang tên ngay.
- Khu vực xung quanh có kênh rạch, tạo không khí mát mẻ và môi trường sông trong lành.
- Khu dân cư dân trí cao.
- Có xây sân chơi an toàn cho trẻ em, yên tĩnh và rất an toàn.
Giá: 3.650 tỷ (TL).","0964919145","2021-06-15"
"30246155","CHÍNH CHỦ CẦN BÁN CĂN 2PN 2WC GIÁ RẺ NHẤT DỰ ÁN Q7 SÀI GÒN RIVERSIDE ĐÀO TRÍ. LH 0588883***","Chính chủ kẹt tiền để xoay sở kinh doanh mùa dịch nên em cần bán gấp các căn 2PN diện tích 67m2.
View đẹp.
Block S2 tầng 15, tầng 29.
Block U1 tầng 10, tầng 25, tầng 32.
Block U2 tầng 28.
Giá bán 2,2 tỷ.
Liên hệ: 0588883***.","0588883838","2021-06-15"
"30246091","CELADON CITY: CONDO VILLA - KHU PHỐ TRIỆU ĐÔ - CHUẨN MỰC SỐNG MỚI TẠI SÀI GÒN","Glen - Condo Villa, Celadon City Tân Phú, loại hình căn hộ đặc biệt, thấp tầng, thiết kế khác biệt.

1 tầng hầm, 1 trệt, 4 lầu gồm 1 phòng khách, 1 phòng sinh hoạt gia đình, 6 phòng ngủ, 1 phòng đa năng, 1 kho và 7WC. Tổng diện tích sử dụng từ 300 - 500m2.
Tất cả chỉ có 98 căn duy nhất tại Celadon City, nằm ngay vị trí vàng của dự án, 98 căn đều nhìn ra công viên 16ha hiện hữu.
Tiến độ thanh toán cực kì ưu đãi:
Kí HĐ chỉ 5%.
Thanh toán đến nhận nhà (quí 3/2023) chỉ 60%.
9 tháng sau nhận nhà vẫn được trả chậm không lãi.
Nhận sổ 5%.

1/ Khu phố triệu đô: Condo Villa - 1 Hầm - 1 Trệt - 4 lầu.
- Diện tích: 299m2 đến 415m2.
- Hầm xe riêng của từng căn (diện tích hầm từ 68m2 đến 93m2).
- Chiết khấu từ 5% đến 20%.
- Số lượng giới hạn: 98 căn.

2/ Shophouse: Sở hữu lâu dài.
- Diện tích: 180m2 đến 700m2.
- Cam kết lợi nhuận lên đến 30%.
- Vị trí: Trung Tâm Đại Lộ Gamuda.
- Số lượng 68 căn.

3/ Duplex - Penthouse (Căn hộ thông tầng): 3 - 4 Phòng ngủ.
- Diện tích: 161 - 214 - 289m2.
- Sở hữu sân vườn địa đàng tuyệt đẹp sau nhà.
- Khu xem phim ngoài trời cạnh nhà.
- Số lượng giới hạn: 20 Penthouse và 16 Duplex.

4/ Sky Linked Villa: 2 Phòng ngủ đến 4 Phòng ngủ.
- Xe hơi chạy lên tận nhà.
- Sở hữu Gara xe riêng.
- Vị trí trung tâm view đại lộ Gamuda 62m, 1 bước xuống Shophouse.
- Diện tích: 160 - 250m2.
- 4PN: Lên đến 242m2.
- Số lượng: 204 căn.

5/ Căn hộ 2 phòng ngủ.
- Loại 2PN: Diện tích 79 - 85 - 95m2.
- Loại 2PN + 1: Diện tích 119m2.

6/ Căn hộ 3 phòng ngủ.
- Loại 3PN: Diện tích 103 - 117 - 120m2.
- Loại 3PN + 1: Diện tích 135 - 141,9m2.
- Loại 3PN + 1 + 3 toilet (3ban công, 2 phòng Master): 159,8m2.

* Tiến độ thanh toán: Ký HĐMB 5% - 10%.

* Tiện ích liền kề bậc nhất khu Tây:
- Công viên cây xanh 16 ha đã hoàn thiện, chưa từng dự án nào có.
- Khu phức hợp thể thao với đầy đủ loại hình như: Hồ bơi Olympic, phòng xông hơi khô, ướt, phòng gym, sân cầu lông, tennis, bóng đá đã hoàn thiện.
- Hệ thống trường học các cấp: Trường Quốc tế Á Châu, trường dân lập Nguyễn Khuyến (đang hoàn thiện), trường mầm non Maple Bear (đang hoàn thiện), trường THCS Tôn Thất Tùng, THPT Lê Trọng Tấn (đã hiện hữu).
- Phòng khám bác sĩ gia đình Hoàn Mỹ Celadon - người bạn đồng hành tin cậy của mọi gia đình trên hành trình bảo vệ và nâng cao sức khỏe.
- Làng văn hóa cùng hàng loạt tiện ích nội khu như khu nướng BBQ, xe điện miễn phí, khu thể thao ngoài trời.

(Ngân hàng hỗ trợ vay lên đến 80% - trong vòng 25 năm - lãi suất ưu đãi).

Nhân viên chủ đầu tư Gamuda Land - Celadon City: Thuỳ Linh 0903 805 ***.
Email: linh.vothuy@gamudaland.com.my","0903805846","2021-06-15"
"30138498","CHUYÊN SĂN HÀNG NGỘP AKARI CITY, CÓ CĂN BÁN GIÁ GỐC 56M2 - 2,1 TỶ, 75M2 - 2,5 TỶ, 3PN - 3,7 TỶ","- Liên hệ: 0911.745.*** (24/7) - gặp Hiếu quản lý Phòng Chuyển Nhượng.
- Website dự án và cập nhật tiến độ: http://www.akari-city.com.vn
- Có thể xem trực tiếp căn hộ thực tế
--------------------------------------------------
Phòng Chuyển Nhượng chào bán ra các căn như sau:
- Loại 1: Các căn diện chủ đầu tư thanh lý, các căn này đang trong quá trình nhận nhà, không đủ khả năng thanh toán: Giá gốc và 1 số căn bán lỗ.
- Loại 2: 200 căn đủ các loại diện tích:
2PN - 2WC.
* 56m2: Giá 2.1 tỷ.
* 75m2: Giá 2.5 tỷ.
* 79m2: Giá 2.8 tỷ.
3PN - 3WC.
* 100m2: Giá 3.7 tỷ.
* 121m2: Giá 4 tỷ.
* Có căn sân vườn.
-------------------------------------------------------------------
- Quý khách hàng mua sang tên trực tiếp không chịu bất kỳ khoản phí nào trong quá trình mua bán.
- Hỗ trợ vay ngân hàng duyệt hồ sơ trong vòng 2 ngày (có nhận hồ sơ không chứng minh được thu nhập).
- Ngân hàng cho vay lãi suất thấp: 7%/năm. Vay tối đa 80% VD: Căn 2.59 tỷ vay được 2 tỷ (có vietcombank, ACB, TP Bank, Shinhan, Public Bank... ).","0911745755","2021-06-15"
"29110008","BÁN NHÀ HXH 36 BÙI TƯ TOÀN, P. AN LẠC, Q. BÌNH TÂN, TP. HCM","Nhà hẻm 36 Bùi Tư Toàn, xe tải vô tới nhà, DT 4x16m, 1 trệt 2 lầu, 4 phòng ngủ, 5 toilet, 1 p. Bếp, 1p. Khách, nhà mới, trống vào ở ngay, khu yên tỉnh, không ngập nước gần Aeon Bình Tân, Tên lửa, gần Võ Văn Kiệt, đi chợ Bến Thành 12 phút, giá thương lượng. HH người giới thiệu. Lưu ý: Không tiếp báo quảng cáo!
Liên hệ: 0799757***.","0799757879","2021-06-15"
"30138829","MẶT TIỀN LIÊN KHU 4 - 5 NGAY CHỢ BÌNH THÀNH","Mặt tiền đường Liên Khu 4 - 5, ngay chợ Bình Thành, khu dân cư đông đúc, sầm uất bậc nhất, tổng DT: 555,8m2, DT thổ cư 529m2, mặt sau giáp hẻm xe tải, giá: Thỏa thuận, LH: 0971.20.6***, (không tiếp báo quảng cáo).","0971206868","2021-06-15"
"30239797","GIA ĐÌNH CẦN BÁN BIỆT THỰ 3 LẦU, DT: 12X20M ĐƯỜNG YÊN THẾ, PHƯỜNG 2, TÂN BÌNH (NGAY SÂN BAY)","Gia đình cần bán biệt thự.
Vị trí: Đường Yên Thế, Phường 2, Quận Tân Bình. (Ngay sân bay Tân Sơn Nhất).
Diện tích: 12x20m.
Hiện trạng: Biệt thự 1 trệt 3 lầu, 5 phòng ngủ.
Giá bán: 45 tỷ (Thương lượng).
Liên hệ trực tiếp: Minh Đông 0981404***.
Mong tiếp khách thiện chí, vui lòng không tiếp môi giới, báo quảng cáo.
Xin cảm ơn!","0981404368","2021-06-14"
"30239595","CĂN HỘ PRECIA QUẬN 2, CHỈ 7 SUẤT ƯU ĐÃI THANH TOÁN 1.8 TỶ ĐẾN NHẬN NHÀ, CHIẾT KHẤU NGAY 250 TRIỆU","Chỉ áp dụng đến 20/7/2021 cho 7 suất căn hộ 3PN đẹp nhất dự án.
- Tặng bộ nội thất 200 triệu.
- Tặng 2 năm phí quản lý đến hơn 50 triệu.
- Chỉ thanh toán 30% đến nhận nhà hoặc nhận chiết khấu thêm 2%/ tổng giá bán.
Nhanh tay đón ngay cơ hội - 0912.598.*** hotline PKD 24/7.

* Vị trí: Đường Nguyễn Thị Định, cách Mai Chí Thọ 300m, thuộc P. An Phú, Q2. Ngay cạnh sông Giồng, rất gần Nguyễn Duy Trinh. Cách nút giao An Phú chưa đầy 1 phút. Thuận tiện di chuyển đến nhiều khu vực.
* Khu dân trí cao, nhiều tiện ích cao cấp từ truyền thống đến hiện đại: Chợ, trường học, bệnh viện, khu vui chơi, trung tâm TMDV: Vincom, Tops Market, Parkson.
-----------
* Dự án đã cất nóc, đang hoàn thiện bên trong. Dự kiến nhận nhà vào đầu năm sau.
* Bàn giao nội thất cao cấp, khẳng định đẳng cấp cư dân. Nhà được trang bị sẵn sàng các thiết bị từ nhiều thương hiệu nổi tiếng: Duravit, Hansgrohe, Nicotra, Schneider, An Cường.
* Nội khu sống tiện nghi, cao cấp với hồ bơi vô cực đẳng cấp, tiện ích tầng 4 với Cabana phủ xanh, Dry Deck, Wet Deck gym, Spa, YoGa, vườn thư giãn, lối dạo bộ khu vui chơi nước. Thư giãn cho cả gia đình.

* Thủ tục nhanh chóng, đơn giản.
* Pháp lý vững, minh bạch 100%.
-------------
7 căn đẹp - giá hấp dẫn nhất Quận 2 - đã có VAT.
* A. 04.07 = 3PN = 101m2 = 5,974 tỷ.
* A. 05.07 = 3PN = 101m2 = 5.986.
* A. 06.07 = 3PN = 101m2 = 6.004 tỷ.
* A. 13.07 = 3PN = 101m2 = 6.151 tỷ.
* A. 14.07 = 3PN = 101m2 = 6.163 tỷ.
* A. 21.07 = 3PN = 101m2 = 6.310 tỷ.
* A. 22.10 = 3PN = 96m2 (Duplex) = 5.977 tỷ.

* Đều là căn 3PN, diện tích rộng 101m2. Không gian sống được bố trí hợp lý, thông minh. Thiết kế căn hộ sang trọng, nhẹ nhàng và cực thoáng đãng, sáng sủa.
* Nhà có balcony rộng, view hướng khu Thảo Điền và mảng xanh thành phố cực đẹp. Nhìn sông Sài Gòn và Landmark 81. Mỗi nhà có sân phơi riêng + vườn tiểu cảnh xinh xắn. Vừa mát mẻ vừa hài hòa thiên nhiên.

* Hỗ trợ lãi suất đến khi nhận nhà.
* Tặng full máy lạnh Mitsubishi + máy nước nóng gián tiếp Ferroli.

* Liên hệ ngay: 0912.598.***.
Tìm hiểu thêm thông tin dự án:
Website: https://happyland.net.vn/can-ho-precia-quan-2/","0912598058","2021-06-14"
